{
  "spentEther": {
    "average": 0.002112413102000014,
    "min": 0.002092555,
    "max": 0.002112899,
    "median": 0.002112575
  },
  "averageBlockTime": {
    "average": 6.617469999999978,
    "min": 3,
    "max": 12.4,
    "median": 6.3
  },
  "responseTime": {
    "average": 28.095243200000038,
    "min": 2.241,
    "max": 121.926,
    "median": 24.634500000000003
  },
  "blockSize": {
    "average": 9583.6185,
    "min": 1859,
    "max": 9745,
    "median": 9745
  }
}